{"obstacle_reward_scale":-0.03935769945383072,"hazard_punishment":-0.05817054584622383,"value_loss":0.009850493259727955,"exception_punishment":0,"actor_grad_norm":11.268952369689941,"ratio":0.9999546349048615,"dist_entropy":-2.8417128324508667,"distance_to_target_reward":0.05431491136550903,"_runtime":14468.480076379,"_timestamp":1.7329985993109472e+09,"average_step_reward":0.3205755949020386,"critic_grad_norm":0.17155969142913818,"_step":99600000,"trajectory_rewards":0.3635689318180084,"policy_loss":0.005823031208384855,"_wandb":{"runtime":14468},"reach_target_reward":0.00022}